<?xml version="1.0" encoding="UTF-8"?>
<project-private xmlns="http://www.netbeans.org/ns/project-private/1">
    <editor-bookmarks xmlns="http://www.netbeans.org/ns/editor-bookmarks/2" lastBookmarkId="0"/>
    <open-files xmlns="http://www.netbeans.org/ns/projectui-open-files/2">
        <group>
            <file>file:/C:/Users/JoaoSantos/Desktop/PDS_Aula11/src/ex3/Livro.java</file>
            <file>file:/C:/Users/JoaoSantos/Desktop/PDS_Aula11/src/ex3/Reserva.java</file>
            <file>file:/C:/Users/JoaoSantos/Desktop/PDS_Aula11/src/ex3/Disponivel.java</file>
            <file>file:/C:/Users/JoaoSantos/Desktop/PDS_Aula11/src/ex3/EstadoLivro.java</file>
            <file>file:/C:/Users/JoaoSantos/Desktop/PDS_Aula11/src/ex3/Inventario.java</file>
            <file>file:/C:/Users/JoaoSantos/Desktop/PDS_Aula11/src/ex3/Main.java</file>
            <file>file:/C:/Users/JoaoSantos/Desktop/PDS_Aula11/src/ex3/Emprestimo.java</file>
            <file>file:/C:/Users/JoaoSantos/Desktop/PDS_Aula11/src/ex3/Autor.java</file>
        </group>
    </open-files>
</project-private>
