<?xml version="1.0" encoding="UTF-8"?>
<project-private xmlns="http://www.netbeans.org/ns/project-private/1">
    <editor-bookmarks xmlns="http://www.netbeans.org/ns/editor-bookmarks/2" lastBookmarkId="0"/>
    <open-files xmlns="http://www.netbeans.org/ns/projectui-open-files/2">
        <group>
            <file>file:/C:/Users/JoaoSantos/Desktop/PDS_Aula10/src/ex1/Observer.java</file>
            <file>file:/C:/Users/JoaoSantos/Desktop/PDS_Aula10/src/ex1/EstadoProduto.java</file>
            <file>file:/C:/Users/JoaoSantos/Desktop/PDS_Aula10/src/ex1/TempoLeilao.java</file>
            <file>file:/C:/Users/JoaoSantos/Desktop/PDS_Aula10/src/ex1/Produto.java</file>
            <file>file:/C:/Users/JoaoSantos/Desktop/PDS_Aula10/src/ex1/Gestor.java</file>
            <file>file:/C:/Users/JoaoSantos/Desktop/PDS_Aula10/src/ex1/Cliente.java</file>
            <file>file:/C:/Users/JoaoSantos/Desktop/PDS_Aula10/src/ex1/Broker.java</file>
            <file>file:/C:/Users/JoaoSantos/Desktop/PDS_Aula10/src/ex1/Subject.java</file>
            <file>file:/C:/Users/JoaoSantos/Desktop/PDS_Aula10/src/ex1/Main.java</file>
        </group>
    </open-files>
</project-private>
